0.8,10120200000,1366,6,PRIJEM,PREVODZUCTU,6669,7569,DUCHOD,OP
0.8,10120200000,1367,6,PRIJEM,PREVODZUCTU,6669,14238,DUCHOD,OP
0.8,10120200000,1368,6,PRIJEM,PREVODZUCTU,6669,20907,DUCHOD,OP
0.8,10120200000,1369,6,PRIJEM,PREVODZUCTU,6669,27576,DUCHOD,OP
0.8,10120200000,1370,6,PRIJEM,PREVODZUCTU,6669,34245,DUCHOD,OP
0.8,10120200000,1371,6,PRIJEM,PREVODZUCTU,6669,30535.7,DUCHOD,OP
0.8,10120200000,1372,6,PRIJEM,PREVODZUCTU,6669,33342.8,DUCHOD,OP
0.8,10120200000,1373,6,PRIJEM,PREVODZUCTU,6669,36161.5,DUCHOD,OP
0.8,10120200000,1374,6,PRIJEM,PREVODZUCTU,6669,30988.3,DUCHOD,OP
0.8,10120200000,1375,6,PRIJEM,PREVODZUCTU,6669,33803.5,DUCHOD,OP
0.8,10120200000,1376,6,PRIJEM,PREVODZUCTU,6669,36624.3,DUCHOD,OP
0.8,10120200000,1377,6,PRIJEM,PREVODZUCTU,6669,37754.7,DUCHOD,OP
0.8,10120200000,1378,6,PRIJEM,PREVODZUCTU,6669,40391.5,DUCHOD,OP
0.8,10120200000,1379,6,PRIJEM,PREVODZUCTU,6669,39238.2,DUCHOD,OP
0.8,10120200000,1380,6,PRIJEM,PREVODZUCTU,6669,37734.2,DUCHOD,OP
0.8,10120200000,1381,6,PRIJEM,PREVODZUCTU,6669,39833.7,DUCHOD,OP
0.8,10120200000,1382,6,PRIJEM,PREVODZUCTU,6669,32733.5,DUCHOD,OP
0.8,10120200000,1383,6,PRIJEM,PREVODZUCTU,6669,31703.8,DUCHOD,OP
0.8,10120200000,1384,6,PRIJEM,PREVODZUCTU,6669,32997.3,DUCHOD,OP
0.8,10120200000,1385,6,PRIJEM,PREVODZUCTU,6669,35817.4,DUCHOD,OP
0.8,10120200000,1386,6,PRIJEM,PREVODZUCTU,6669,27046.3,DUCHOD,OP
0.8,10120200000,1387,6,PRIJEM,PREVODZUCTU,6669,29855.6,DUCHOD,OP
0.8,10120200000,1388,6,PRIJEM,PREVODZUCTU,6669,32659.6,DUCHOD,OP
0.8,10120200000,1389,6,PRIJEM,PREVODZUCTU,6669,35475.3,DUCHOD,OP
0.8,10120200000,1390,6,PRIJEM,PREVODZUCTU,6669,38302.6,DUCHOD,OP
0.8,10120200000,1391,6,PRIJEM,PREVODZUCTU,6669,39460.1,DUCHOD,OP
0.8,10120200000,1392,6,PRIJEM,PREVODZUCTU,6669,38383.9,DUCHOD,OP
0.8,10120200000,1393,6,PRIJEM,PREVODZUCTU,6669,36258.2,DUCHOD,OP
0.8,10120200000,1394,6,PRIJEM,PREVODZUCTU,6669,30270,DUCHOD,OP
0.8,10120200000,1395,6,PRIJEM,PREVODZUCTU,6669,33075,DUCHOD,OP
0.8,10120200000,1396,6,PRIJEM,PREVODZUCTU,6669,35892.2,DUCHOD,OP
0.8,10120200000,1397,6,PRIJEM,PREVODZUCTU,6669,38720.8,DUCHOD,OP
0.8,10120200000,1398,6,PRIJEM,PREVODZUCTU,6669,41561.4,DUCHOD,OP
0.8,10120200000,1399,6,PRIJEM,PREVODZUCTU,6669,41400,DUCHOD,OP
0.8,10120200000,1400,6,PRIJEM,PREVODZUCTU,6669,39364,DUCHOD,OP
0.8,10120200000,1401,6,PRIJEM,PREVODZUCTU,6669,42209.5,DUCHOD,OP
0.8,10120200000,1402,6,PRIJEM,PREVODZUCTU,6669,45064.2,DUCHOD,OP
0.8,10120200000,1403,6,PRIJEM,PREVODZUCTU,6669,47930.9,DUCHOD,OP
0.8,10120200000,1404,6,PRIJEM,PREVODZUCTU,6669,49769.3,DUCHOD,OP
0.8,10120200000,1405,6,PRIJEM,PREVODZUCTU,6669,49207.4,DUCHOD,OP
0.8,10120200000,1406,6,PRIJEM,PREVODZUCTU,6669,42478.1,DUCHOD,OP
0.8,10120200000,1407,6,PRIJEM,PREVODZUCTU,6669,43093.3,DUCHOD,OP
0.8,10120200000,1408,6,PRIJEM,PREVODZUCTU,6669,45955.3,DUCHOD,OP
0.8,10120200000,1409,6,PRIJEM,PREVODZUCTU,6669,48825.1,DUCHOD,OP
0.8,10120200000,1410,6,PRIJEM,PREVODZUCTU,6669,49463.1,DUCHOD,OP
0.8,10120200000,1411,6,PRIJEM,PREVODZUCTU,6669,42254.7,DUCHOD,OP
0.8,10120200000,1412,6,PRIJEM,PREVODZUCTU,6669,43907.4,DUCHOD,OP
0.8,10120200000,1413,6,PRIJEM,PREVODZUCTU,6669,46768.4,DUCHOD,OP
0.8,10120200000,1414,6,PRIJEM,PREVODZUCTU,6669,46121.2,DUCHOD,OP
0.8,10120200000,1415,6,PRIJEM,PREVODZUCTU,6669,48997,DUCHOD,OP
0.8,10120200000,1416,6,PRIJEM,PREVODZUCTU,6669,51878.9,DUCHOD,OP
0.1,10120200000,143116,479,VYDAJ,PREVODNAUCET,2064,14521,SIPO,YZ
0.1,10120200000,143117,479,VYDAJ,PREVODNAUCET,2064,15591.8,SIPO,YZ
0.1,10120200000,143118,479,VYDAJ,PREVODNAUCET,2064,16674.7,SIPO,YZ
0.1,10120200000,143119,479,VYDAJ,PREVODNAUCET,2064,13552.3,SIPO,YZ
0.1,10120200000,143120,479,VYDAJ,PREVODNAUCET,2064,13789.9,SIPO,YZ
0.1,10120200000,143121,479,VYDAJ,PREVODNAUCET,2064,14865.2,SIPO,YZ
0.1,10120200000,143122,479,VYDAJ,PREVODNAUCET,2064,15527.6,SIPO,YZ
0.1,10120200000,143123,479,VYDAJ,PREVODNAUCET,2064,15892.9,SIPO,YZ
0.1,10120200001,143124,479,VYDAJ,PREVODNAUCET,2064,16256.9,SIPO,YZ
0.1,10120200001,143125,479,VYDAJ,PREVODNAUCET,2064,17162.4,SIPO,YZ
0.1,10120200001,143126,479,VYDAJ,PREVODNAUCET,2064,12420.9,SIPO,YZ
0.1,10120200001,143127,479,VYDAJ,PREVODNAUCET,2064,13497.6,SIPO,YZ
0.1,10120200001,143128,479,VYDAJ,PREVODNAUCET,2064,13371.2,SIPO,YZ
0.1,10120200001,143129,479,VYDAJ,PREVODNAUCET,2064,14444.8,SIPO,YZ
0.1,10120200001,143130,479,VYDAJ,PREVODNAUCET,2064,15522.8,SIPO,YZ
0.1,10120200001,143131,479,VYDAJ,PREVODNAUCET,2064,9838.3,SIPO,YZ
0.1,10120200001,143132,479,VYDAJ,PREVODNAUCET,2064,10897.1,SIPO,YZ
0.1,10120200001,143133,479,VYDAJ,PREVODNAUCET,2064,11259.8,SIPO,YZ
0.1,10120200001,143134,479,VYDAJ,PREVODNAUCET,2064,12324.5,SIPO,YZ
0.1,10120200001,143135,479,VYDAJ,PREVODNAUCET,2064,13393.7,SIPO,YZ
0.1,10120200001,143136,479,VYDAJ,PREVODNAUCET,2064,13536,SIPO,YZ
0.1,10120200001,143137,479,VYDAJ,PREVODNAUCET,2064,14429.5,SIPO,YZ
0.1,10120200001,143138,479,VYDAJ,PREVODNAUCET,2064,8628.9,SIPO,YZ
0.1,10120200001,143139,479,VYDAJ,PREVODNAUCET,2064,9683.3,SIPO,YZ
0.1,10120200001,143140,479,VYDAJ,PREVODNAUCET,2064,10741.4,SIPO,YZ
0.1,10120200001,143141,479,VYDAJ,PREVODNAUCET,2064,11803.9,SIPO,YZ
0.1,10120200001,143142,479,VYDAJ,PREVODNAUCET,2064,11474.2,SIPO,YZ
0.1,10120200001,143143,479,VYDAJ,PREVODNAUCET,2064,8496.3,SIPO,YZ
0.1,10120200001,143144,479,VYDAJ,PREVODNAUCET,2064,9278.7,SIPO,YZ
0.1,10120200001,143145,479,VYDAJ,PREVODNAUCET,2064,10342.2,SIPO,YZ
0.1,10120200001,143146,479,VYDAJ,PREVODNAUCET,2064,10561.9,SIPO,YZ
0.1,10120200001,143147,479,VYDAJ,PREVODNAUCET,2064,11623.5,SIPO,YZ
0.1,10120200001,143148,479,VYDAJ,PREVODNAUCET,2064,12089,SIPO,YZ
0.1,10120200001,187714,635,VYDAJ,PREVODNAUCET,2160,76825.3,POJISTNE,KL
0.1,10120200001,187715,635,VYDAJ,PREVODNAUCET,2160,70825.6,POJISTNE,KL
0.1,10120200001,187716,635,VYDAJ,PREVODNAUCET,2160,24727.8,POJISTNE,KL
0.1,10120200001,187717,635,VYDAJ,PREVODNAUCET,2160,77121.4,POJISTNE,KL
0.1,10120200001,187718,635,VYDAJ,PREVODNAUCET,2160,50240.6,POJISTNE,KL
0.1,10120200001,187719,635,VYDAJ,PREVODNAUCET,2160,26280.1,POJISTNE,KL
0.1,10120200001,187720,635,VYDAJ,PREVODNAUCET,2160,21472.2,POJISTNE,KL
0.1,10120200001,187721,635,VYDAJ,PREVODNAUCET,2160,15538.2,POJISTNE,KL
0.1,10120200001,187722,635,VYDAJ,PREVODNAUCET,2160,44272.5,POJISTNE,KL
0.1,10120200001,187723,635,VYDAJ,PREVODNAUCET,2160,45028.9,POJISTNE,KL
0.1,10120200001,187724,635,VYDAJ,PREVODNAUCET,2160,18551.6,POJISTNE,KL
0.1,10120200001,187725,635,VYDAJ,PREVODNAUCET,2160,23445.8,POJISTNE,KL
0.1,10120200001,187726,635,VYDAJ,PREVODNAUCET,2160,65961.7,POJISTNE,KL
0.1,10120200001,187727,635,VYDAJ,PREVODNAUCET,2160,73708,POJISTNE,KL
0.1,10120200001,187728,635,VYDAJ,PREVODNAUCET,2160,21742,POJISTNE,KL
0.1,10120200001,187729,635,VYDAJ,PREVODNAUCET,2160,26217.1,POJISTNE,KL
0.1,10120200001,187730,635,VYDAJ,PREVODNAUCET,2160,14593.4,POJISTNE,KL
0.1,10120200001,187731,635,VYDAJ,PREVODNAUCET,2160,6530.8,POJISTNE,KL
0.1,10120200001,187732,635,VYDAJ,PREVODNAUCET,2160,-1565.8,POJISTNE,KL
0.1,10120200001,187736,635,VYDAJ,PREVODNAUCET,2160,15720.7,POJISTNE,KL
0.1,10120200001,187737,635,VYDAJ,PREVODNAUCET,2160,7661.8,POJISTNE,KL
0.1,10120200001,187738,635,VYDAJ,PREVODNAUCET,2160,-430.3,POJISTNE,KL
0.1,10120200001,187740,635,VYDAJ,PREVODNAUCET,2160,21977.5,POJISTNE,KL
0.1,10120200001,187741,635,VYDAJ,PREVODNAUCET,2160,13949.6,POJISTNE,KL
0.1,10120200001,187742,635,VYDAJ,PREVODNAUCET,2160,36062.8,POJISTNE,KL
0.1,10120200001,187743,635,VYDAJ,PREVODNAUCET,2160,17220.2,POJISTNE,KL
0.1,10120200001,187744,635,VYDAJ,PREVODNAUCET,2160,27035.3,POJISTNE,KL
0.1,10120200001,187745,635,VYDAJ,PREVODNAUCET,2160,19702.3,POJISTNE,KL
0.1,10120200001,187746,635,VYDAJ,PREVODNAUCET,2160,53919,POJISTNE,KL
0.1,10120200001,187747,635,VYDAJ,PREVODNAUCET,2160,41879.9,POJISTNE,KL
0.1,10120200001,187748,635,VYDAJ,PREVODNAUCET,2160,40222.7,POJISTNE,KL
0.1,10120200001,187749,635,VYDAJ,PREVODNAUCET,2160,17873.3,POJISTNE,KL
0.1,10120200001,187750,635,VYDAJ,PREVODNAUCET,2160,52794.7,POJISTNE,KL
0.1,10120200001,187751,635,VYDAJ,PREVODNAUCET,2160,27640.7,POJISTNE,KL
0.1,10120200001,187752,635,VYDAJ,PREVODNAUCET,2160,27620.7,POJISTNE,KL
0.1,10120200001,187753,635,VYDAJ,PREVODNAUCET,2160,62707.3,POJISTNE,KL
0.1,10120200002,187754,635,VYDAJ,PREVODNAUCET,2160,45657.5,POJISTNE,KL
0.1,10120200002,187755,635,VYDAJ,PREVODNAUCET,2160,57449.1,POJISTNE,KL
0.1,10120200002,187756,635,VYDAJ,PREVODNAUCET,2160,89047.7,POJISTNE,KL
0.1,10120200002,187757,635,VYDAJ,PREVODNAUCET,2160,40786.1,POJISTNE,KL
0.1,10120200002,187758,635,VYDAJ,PREVODNAUCET,2160,63850.4,POJISTNE,KL
0.1,10120200002,187759,635,VYDAJ,PREVODNAUCET,2160,69178.7,POJISTNE,KL
0.1,10120200002,187760,635,VYDAJ,PREVODNAUCET,2160,29418.6,POJISTNE,KL
0.1,10120200002,187761,635,VYDAJ,PREVODNAUCET,2160,21414.9,POJISTNE,KL
0.1,10120200002,187762,635,VYDAJ,PREVODNAUCET,2160,13378.1,POJISTNE,KL
0.8,10120200002,438880,1492,PRIJEM,PREVODZUCTU,4733,5533,DUCHOD,AB
0.8,10120200002,438881,1492,PRIJEM,PREVODZUCTU,4733,10266,DUCHOD,AB
0.8,10120200002,438882,1492,PRIJEM,PREVODZUCTU,4733,14999,DUCHOD,AB
0.8,10120200002,438883,1492,PRIJEM,PREVODZUCTU,4733,19732,DUCHOD,AB
0.8,10120200002,438884,1492,PRIJEM,PREVODZUCTU,4733,24465,DUCHOD,AB
0.8,10120200002,438885,1492,PRIJEM,PREVODZUCTU,4733,27692.8,DUCHOD,AB
0.8,10120200002,438886,1492,PRIJEM,PREVODZUCTU,4733,26959.6,DUCHOD,AB
0.8,10120200002,438887,1492,PRIJEM,PREVODZUCTU,4733,21072.1,DUCHOD,AB
0.8,10120200002,438888,1492,PRIJEM,PREVODZUCTU,4733,17407.6,DUCHOD,AB
0.8,10120200002,438889,1492,PRIJEM,PREVODZUCTU,4733,20640.5,DUCHOD,AB
0.8,10120200002,438890,1492,PRIJEM,PREVODZUCTU,4733,17838.9,DUCHOD,AB
0.8,10120200002,438891,1492,PRIJEM,PREVODZUCTU,4733,18756.1,DUCHOD,AB
0.8,10120200002,438892,1492,PRIJEM,PREVODZUCTU,4733,19434.6,DUCHOD,AB
0.8,10120200002,438893,1492,PRIJEM,PREVODZUCTU,4733,18972.6,DUCHOD,AB
0.8,10120200002,438894,1492,PRIJEM,PREVODZUCTU,4733,15859.8,DUCHOD,AB
0.8,10120200002,438895,1492,PRIJEM,PREVODZUCTU,4733,17809.2,DUCHOD,AB
0.8,10120200002,438896,1492,PRIJEM,PREVODZUCTU,4733,21043.2,DUCHOD,AB
0.8,10120200002,438897,1492,PRIJEM,PREVODZUCTU,4733,24291.2,DUCHOD,AB
0.8,10120200002,438898,1492,PRIJEM,PREVODZUCTU,4733,27552.5,DUCHOD,AB
0.8,10120200002,438899,1492,PRIJEM,PREVODZUCTU,4733,30827.6,DUCHOD,AB
0.8,10120200002,438900,1492,PRIJEM,PREVODZUCTU,4733,20322.8,DUCHOD,AB
0.8,10120200002,438901,1492,PRIJEM,PREVODZUCTU,4733,23567.7,DUCHOD,AB
0.8,10120200002,438902,1492,PRIJEM,PREVODZUCTU,4733,26826.1,DUCHOD,AB
0.8,10120200002,438903,1492,PRIJEM,PREVODZUCTU,4733,30097.9,DUCHOD,AB
0.8,10120200002,438904,1492,PRIJEM,PREVODZUCTU,4733,31303.5,DUCHOD,AB
0.8,10120200002,438905,1492,PRIJEM,PREVODZUCTU,4733,31498.8,DUCHOD,AB
0.8,10120200002,442987,1507,VYDAJ,PREVODNAUCET,6619,65812.8,SIPO,ST
0.8,10120200002,442988,1507,VYDAJ,PREVODNAUCET,6619,54195.3,SIPO,ST
0.8,10120200002,442989,1507,VYDAJ,PREVODNAUCET,6619,50867.3,SIPO,ST
0.8,10120200002,442990,1507,VYDAJ,PREVODNAUCET,6619,52405.5,SIPO,ST
0.8,10120200002,442991,1507,VYDAJ,PREVODNAUCET,6619,51941.8,SIPO,ST
0.8,10120200002,442992,1507,VYDAJ,PREVODNAUCET,6619,55397.4,SIPO,ST
0.8,10120200002,442993,1507,VYDAJ,PREVODNAUCET,6619,15662.1,SIPO,ST
0.8,10120200002,442994,1507,VYDAJ,PREVODNAUCET,6619,35985.9,SIPO,ST
0.8,10120200002,442995,1507,VYDAJ,PREVODNAUCET,6619,46061.2,SIPO,ST
0.8,10120200002,442996,1507,VYDAJ,PREVODNAUCET,6619,47773.3,SIPO,ST
0.8,10120200002,442997,1507,VYDAJ,PREVODNAUCET,6619,49191.7,SIPO,ST
0.8,10120200002,442998,1507,VYDAJ,PREVODNAUCET,6619,51273.9,SIPO,ST
0.8,10120200002,442999,1507,VYDAJ,PREVODNAUCET,6619,62841.1,SIPO,ST
0.8,10120200002,443000,1507,VYDAJ,PREVODNAUCET,6619,58783.9,SIPO,ST
0.8,10120200002,443001,1507,VYDAJ,PREVODNAUCET,6619,49283.3,SIPO,ST
0.8,10120200002,443002,1507,VYDAJ,PREVODNAUCET,6619,48664.3,SIPO,ST
0.8,10120200002,443003,1507,VYDAJ,PREVODNAUCET,6619,51888.9,SIPO,ST
0.8,10120200002,443004,1507,VYDAJ,PREVODNAUCET,6619,47679.3,SIPO,ST
0.8,10120200002,443005,1507,VYDAJ,PREVODNAUCET,6619,53253.9,SIPO,ST
0.8,10120200002,443006,1507,VYDAJ,PREVODNAUCET,6619,52887,SIPO,ST
0.8,10120200002,443007,1507,VYDAJ,PREVODNAUCET,6619,52217.4,SIPO,ST
0.8,10120200002,443008,1507,VYDAJ,PREVODNAUCET,6619,50641.7,SIPO,ST
0.8,10120200002,443009,1507,VYDAJ,PREVODNAUCET,6619,47170.8,SIPO,ST
0.8,10120200002,443010,1507,VYDAJ,PREVODNAUCET,6619,50278,SIPO,ST
0.8,10120200002,443011,1507,VYDAJ,PREVODNAUCET,6619,60489.2,SIPO,ST
0.8,10120200003,443012,1507,VYDAJ,PREVODNAUCET,6619,54266.1,SIPO,ST
0.8,10120200003,443013,1507,VYDAJ,PREVODNAUCET,6619,46698.2,SIPO,ST
0.8,10120200003,443014,1507,VYDAJ,PREVODNAUCET,6619,51702.5,SIPO,ST
0.8,10120200003,443015,1507,VYDAJ,PREVODNAUCET,6619,52721.7,SIPO,ST
0.8,10120200003,443016,1507,VYDAJ,PREVODNAUCET,6619,49378.2,SIPO,ST
0.8,10120200003,443017,1507,VYDAJ,PREVODNAUCET,6619,63626.7,SIPO,ST
0.8,10120200003,443018,1507,VYDAJ,PREVODNAUCET,6619,40759.8,SIPO,ST
0.8,10120200003,443019,1507,VYDAJ,PREVODNAUCET,6619,49744.3,SIPO,ST
0.8,10120200003,443020,1507,VYDAJ,PREVODNAUCET,6619,52152.1,SIPO,ST
0.8,10120200003,443021,1507,VYDAJ,PREVODNAUCET,6619,51161.5,SIPO,ST
0.8,10120200003,443022,1507,VYDAJ,PREVODNAUCET,6619,48750.1,SIPO,ST
0.8,10120200003,443023,1507,VYDAJ,PREVODNAUCET,6619,64392.7,SIPO,ST
0.8,10120200003,443024,1507,VYDAJ,PREVODNAUCET,6619,50234,SIPO,ST
0.8,10120200003,443025,1507,VYDAJ,PREVODNAUCET,6619,41286.1,SIPO,ST
0.8,10120200003,443026,1507,VYDAJ,PREVODNAUCET,6619,46676.6,SIPO,ST
0.8,10120200003,443027,1507,VYDAJ,PREVODNAUCET,6619,44702.4,SIPO,ST
0.8,10120200003,443028,1507,VYDAJ,PREVODNAUCET,6619,50692,SIPO,ST
0.8,10120200003,443029,1507,VYDAJ,PREVODNAUCET,6619,64034.8,SIPO,ST
0.8,10120200003,443030,1507,VYDAJ,PREVODNAUCET,6619,61974.5,SIPO,ST
0.8,10120200003,443031,1507,VYDAJ,PREVODNAUCET,6619,65427.7,SIPO,ST
0.8,10120200003,443032,1507,VYDAJ,PREVODNAUCET,6619,68893.8,SIPO,ST
0.8,10120200003,443033,1507,VYDAJ,PREVODNAUCET,6619,69865.7,SIPO,ST
0.8,10120200003,443034,1507,VYDAJ,PREVODNAUCET,6619,70000.9,SIPO,ST
0.8,10120200003,443035,1507,VYDAJ,PREVODNAUCET,6619,82417.6,SIPO,ST
0.8,10120200003,443036,1507,VYDAJ,PREVODNAUCET,6619,79666.3,SIPO,ST
0.8,10120200003,443037,1507,VYDAJ,PREVODNAUCET,6619,66098.8,SIPO,ST
0.8,10120200003,443038,1507,VYDAJ,PREVODNAUCET,6619,75378.6,SIPO,ST
0.8,10120200003,443039,1507,VYDAJ,PREVODNAUCET,6619,73455.2,SIPO,ST
0.8,10120200003,443040,1507,VYDAJ,PREVODNAUCET,6619,78759.5,SIPO,ST
0.8,10120200003,443041,1507,VYDAJ,PREVODNAUCET,6619,93012,SIPO,ST
0.8,10120200003,443042,1507,VYDAJ,PREVODNAUCET,6619,45986.1,SIPO,ST
0.8,10120200003,443043,1507,VYDAJ,PREVODNAUCET,6619,54243,SIPO,ST
0.8,10120200003,443044,1507,VYDAJ,PREVODNAUCET,6619,55395.6,SIPO,ST
0.8,10120200003,443045,1507,VYDAJ,PREVODNAUCET,6619,49475.3,SIPO,ST
0.8,10120200003,443046,1507,VYDAJ,PREVODNAUCET,6619,61119.6,SIPO,ST
0.8,10120200003,443047,1507,VYDAJ,PREVODNAUCET,6619,80037.2,SIPO,ST
0.8,10120200003,448167,1523,VYDAJ,PREVODNAUCET,1684,94362.1,SIPO,CD
0.8,10120200003,448168,1523,VYDAJ,PREVODNAUCET,1684,97112.8,SIPO,CD
0.8,10120200003,448169,1523,VYDAJ,PREVODNAUCET,1684,27305.5,SIPO,CD
0.8,10120200003,448170,1523,VYDAJ,PREVODNAUCET,1684,31865.8,SIPO,CD
0.8,10120200003,448171,1523,VYDAJ,PREVODNAUCET,1684,19033.1,SIPO,CD
0.8,10120200003,448172,1523,VYDAJ,PREVODNAUCET,1684,37986,SIPO,CD
0.8,10120200003,448173,1523,VYDAJ,PREVODNAUCET,1684,66063,SIPO,CD
0.8,10120200003,448174,1523,VYDAJ,PREVODNAUCET,1684,44070.1,SIPO,CD
0.8,10120200003,585770,1994,VYDAJ,PREVODNAUCET,3962,59474.8,SIPO,YZ
0.8,10120200003,585771,1994,VYDAJ,PREVODNAUCET,3962,42291.6,SIPO,YZ
0.8,10120200003,585772,1994,VYDAJ,PREVODNAUCET,3962,25224.8,SIPO,YZ
0.8,10120200003,585773,1994,VYDAJ,PREVODNAUCET,3962,48174.7,SIPO,YZ
0.8,10120200003,585774,1994,VYDAJ,PREVODNAUCET,3962,65118.3,SIPO,YZ
0.8,10120200003,585775,1994,VYDAJ,PREVODNAUCET,3962,90895.4,SIPO,YZ
0.8,10120200003,585776,1994,VYDAJ,PREVODNAUCET,3962,44923.8,SIPO,YZ
0.8,10120200003,585777,1994,VYDAJ,PREVODNAUCET,3962,23320.4,SIPO,YZ
0.8,10120200003,585778,1994,VYDAJ,PREVODNAUCET,3962,38251,SIPO,YZ
0.8,10120200003,585779,1994,VYDAJ,PREVODNAUCET,3962,19586.4,SIPO,YZ
0.8,10120200003,585780,1994,VYDAJ,PREVODNAUCET,3962,30473,SIPO,YZ
0.8,10120200003,585781,1994,VYDAJ,PREVODNAUCET,3962,22700.4,SIPO,YZ
0.8,10120200003,585782,1994,VYDAJ,PREVODNAUCET,3962,37347.6,SIPO,YZ
0.8,10120200003,585783,1994,VYDAJ,PREVODNAUCET,3962,70918.8,SIPO,YZ
0.8,10120200003,585784,1994,VYDAJ,PREVODNAUCET,3962,20749,SIPO,YZ
0.8,10120200003,585785,1994,VYDAJ,PREVODNAUCET,3962,18912.5,SIPO,YZ
0.8,10120200004,585786,1994,VYDAJ,PREVODNAUCET,3962,14269.9,SIPO,YZ
0.8,10120200004,585787,1994,VYDAJ,PREVODNAUCET,3962,30498.6,SIPO,YZ
0.8,10120200004,585788,1994,VYDAJ,PREVODNAUCET,3962,55240.7,SIPO,YZ
0.8,10120200004,585789,1994,VYDAJ,PREVODNAUCET,3962,26275.3,SIPO,YZ
0.8,10120200004,585790,1994,VYDAJ,PREVODNAUCET,3962,44422.7,SIPO,YZ
0.8,10120200004,585791,1994,VYDAJ,PREVODNAUCET,3962,15851.7,SIPO,YZ
0.8,10120200004,585792,1994,VYDAJ,PREVODNAUCET,3962,27979.4,SIPO,YZ
0.8,10120200004,585793,1994,VYDAJ,PREVODNAUCET,3962,17862.8,SIPO,YZ
0.8,10120200004,585794,1994,VYDAJ,PREVODNAUCET,3962,13203.7,SIPO,YZ
0.1,10120200004,585795,1994,VYDAJ,PREVODNAUCET,3962,21322.8,SIPO,YZ
0.1,10120200004,585796,1994,VYDAJ,PREVODNAUCET,3962,16674.3,SIPO,YZ
0.1,10120200004,585797,1994,VYDAJ,PREVODNAUCET,3962,10670.4,SIPO,YZ
0.1,10120200004,585798,1994,VYDAJ,PREVODNAUCET,3962,5998.1,SIPO,YZ
0.1,10120200004,585799,1994,VYDAJ,PREVODNAUCET,3962,78775.5,SIPO,YZ
0.1,10120200004,585800,1994,VYDAJ,PREVODNAUCET,3962,56416.8,SIPO,YZ
0.1,10120200004,585801,1994,VYDAJ,PREVODNAUCET,3962,22318.5,SIPO,YZ
0.1,10120200004,585802,1994,VYDAJ,PREVODNAUCET,3962,73043.7,SIPO,YZ
0.1,10120200004,585803,1994,VYDAJ,PREVODNAUCET,3962,21099.2,SIPO,YZ
0.1,10120200004,585804,1994,VYDAJ,PREVODNAUCET,3962,50175.8,SIPO,YZ
0.1,10120200004,585805,1994,VYDAJ,PREVODNAUCET,3962,21895.5,SIPO,YZ
0.1,10120200004,585806,1994,VYDAJ,PREVODNAUCET,3962,55238.4,SIPO,YZ
0.1,10120200004,585807,1994,VYDAJ,PREVODNAUCET,3962,31214.4,SIPO,YZ
0.1,10120200004,624419,2131,VYDAJ,PREVODNAUCET,2560,26842.6,SIPO,YZ
0.1,10120200004,624420,2131,VYDAJ,PREVODNAUCET,2560,24134.1,SIPO,YZ
0.1,10120200004,624421,2131,VYDAJ,PREVODNAUCET,2560,19146.7,SIPO,YZ
0.1,10120200004,624422,2131,VYDAJ,PREVODNAUCET,2560,21796.5,SIPO,YZ
0.1,10120200004,624423,2131,VYDAJ,PREVODNAUCET,2560,24458.1,SIPO,YZ
0.1,10120200004,624424,2131,VYDAJ,PREVODNAUCET,2560,27130.5,SIPO,YZ
0.1,10120200004,624425,2131,VYDAJ,PREVODNAUCET,2560,29814.3,SIPO,YZ
0.1,10120200004,624426,2131,VYDAJ,PREVODNAUCET,2560,27497.2,SIPO,YZ
0.1,10120200004,624427,2131,VYDAJ,PREVODNAUCET,2560,30182.4,SIPO,YZ
0.1,10120200004,624428,2131,VYDAJ,PREVODNAUCET,2560,32878.9,SIPO,YZ
0.1,10120200004,624429,2131,VYDAJ,PREVODNAUCET,2560,34626.2,SIPO,YZ
0.1,10120200004,624430,2131,VYDAJ,PREVODNAUCET,2560,37341.1,SIPO,YZ
0.1,10120200004,624431,2131,VYDAJ,PREVODNAUCET,2560,40067.1,SIPO,YZ
0.1,10120200004,624432,2131,VYDAJ,PREVODNAUCET,2560,33380,SIPO,YZ
0.1,10120200004,624433,2131,VYDAJ,PREVODNAUCET,2560,25109.5,SIPO,YZ
0.1,10120200004,624434,2131,VYDAJ,PREVODNAUCET,2560,27784,SIPO,YZ
0.1,10120200004,624435,2131,VYDAJ,PREVODNAUCET,2560,30470.3,SIPO,YZ
0.1,10120200004,624436,2131,VYDAJ,PREVODNAUCET,2560,33167.5,SIPO,YZ
0.1,10120200004,624437,2131,VYDAJ,PREVODNAUCET,2560,35876.1,SIPO,YZ
0.1,10120200004,624438,2131,VYDAJ,PREVODNAUCET,2560,31048.8,SIPO,YZ
0.1,10120200004,624439,2131,VYDAJ,PREVODNAUCET,2560,33748.5,SIPO,YZ
0.1,10120200004,624440,2131,VYDAJ,PREVODNAUCET,2560,36459.4,SIPO,YZ
0.1,10120200004,624441,2131,VYDAJ,PREVODNAUCET,2560,39181.4,SIPO,YZ
0.1,10120200004,624442,2131,VYDAJ,PREVODNAUCET,2560,41914.8,SIPO,YZ
0.1,10120200004,624443,2131,VYDAJ,PREVODNAUCET,2560,44659.4,SIPO,YZ
0.1,10120200004,641595,2190,VYDAJ,PREVODNAUCET,3649,19271,SIPO,WX
0.1,10120200004,641596,2190,VYDAJ,PREVODNAUCET,3649,84313.2,SIPO,WX
0.1,10120200004,641597,2190,VYDAJ,PREVODNAUCET,3649,50337.1,SIPO,WX
0.1,10120200004,641598,2190,VYDAJ,PREVODNAUCET,3649,27221.6,SIPO,WX
0.1,10120200004,641599,2190,VYDAJ,PREVODNAUCET,3649,18693.8,SIPO,WX
0.1,10120200004,641600,2190,VYDAJ,PREVODNAUCET,3649,14014.6,SIPO,WX
0.1,10120200004,641601,2190,VYDAJ,PREVODNAUCET,3649,39353.2,SIPO,WX
0.1,10120200004,641602,2190,VYDAJ,PREVODNAUCET,3649,65942.1,SIPO,WX
0.1,10120200004,641603,2190,VYDAJ,PREVODNAUCET,3649,56220.1,SIPO,WX
0.1,10120200004,641604,2190,VYDAJ,PREVODNAUCET,3649,45953.7,SIPO,WX
0.1,10120200004,641605,2190,VYDAJ,PREVODNAUCET,3649,26335.3,SIPO,WX
0.1,10120200004,641606,2190,VYDAJ,PREVODNAUCET,3649,21618.1,SIPO,WX
0.1,10120200004,641607,2190,VYDAJ,PREVODNAUCET,3649,59682.7,SIPO,WX
0.1,10120200004,641608,2190,VYDAJ,PREVODNAUCET,3649,51035.7,SIPO,WX
0.1,10120200005,641609,2190,VYDAJ,PREVODNAUCET,3649,49598.3,SIPO,WX
0.1,10120200005,641610,2190,VYDAJ,PREVODNAUCET,3649,81908.7,SIPO,WX
0.1,10120200005,641611,2190,VYDAJ,PREVODNAUCET,3649,59626.5,SIPO,WX
0.1,10120200005,641612,2190,VYDAJ,PREVODNAUCET,3649,40004.4,SIPO,WX
0.1,10120200005,641613,2190,VYDAJ,PREVODNAUCET,3649,103386.1,SIPO,WX
0.1,10120200005,641614,2190,VYDAJ,PREVODNAUCET,3649,52078.8,SIPO,WX
0.1,10120200005,641615,2190,VYDAJ,PREVODNAUCET,3649,41659,SIPO,WX
0.1,10120200005,641616,2190,VYDAJ,PREVODNAUCET,3649,37460.3,SIPO,WX
0.1,10120200005,641617,2190,VYDAJ,PREVODNAUCET,3649,73564.7,SIPO,WX
0.1,10120200005,641618,2190,VYDAJ,PREVODNAUCET,3649,110430.6,SIPO,WX
0.1,10120200005,723051,2475,VYDAJ,PREVODNAUCET,3479,33099.9,POJISTNE,AB
0.1,10120200005,723052,2475,VYDAJ,PREVODNAUCET,3479,36977.2,POJISTNE,AB
0.1,10120200005,723053,2475,VYDAJ,PREVODNAUCET,3479,34438.3,POJISTNE,AB
0.1,10120200005,723054,2475,VYDAJ,PREVODNAUCET,3479,9510.2,POJISTNE,AB
0.1,10120200005,723055,2475,VYDAJ,PREVODNAUCET,3479,25215.2,POJISTNE,AB
0.1,10120200005,723056,2475,VYDAJ,PREVODNAUCET,3479,33124.3,POJISTNE,AB
0.1,10120200005,723057,2475,VYDAJ,PREVODNAUCET,3479,34576.3,POJISTNE,AB
0.1,10120200005,723058,2475,VYDAJ,PREVODNAUCET,3479,31700.6,POJISTNE,AB
0.1,10120200005,723059,2475,VYDAJ,PREVODNAUCET,3479,30156.8,POJISTNE,AB
0.1,10120200005,723060,2475,VYDAJ,PREVODNAUCET,3479,35414.6,POJISTNE,AB
0.1,10120200005,723061,2475,VYDAJ,PREVODNAUCET,3479,22990.7,POJISTNE,AB
0.1,10120200005,723062,2475,VYDAJ,PREVODNAUCET,3479,25018.8,POJISTNE,AB
0.1,10120200005,723063,2475,VYDAJ,PREVODNAUCET,3479,24116.4,POJISTNE,AB
0.1,10120200005,723064,2475,VYDAJ,PREVODNAUCET,3479,24538.3,POJISTNE,AB
0.1,10120200005,723065,2475,VYDAJ,PREVODNAUCET,3479,26761.7,POJISTNE,AB
0.1,10120200005,723066,2475,VYDAJ,PREVODNAUCET,3479,15760.9,POJISTNE,AB
0.8,10120200005,723067,2475,VYDAJ,PREVODNAUCET,3479,19169.4,POJISTNE,AB
0.8,10120200005,723068,2475,VYDAJ,PREVODNAUCET,3479,18100.2,POJISTNE,AB
0.8,10120200005,723069,2475,VYDAJ,PREVODNAUCET,3479,13272.7,POJISTNE,AB
0.8,10120200005,723070,2475,VYDAJ,PREVODNAUCET,3479,16957.2,POJISTNE,AB
0.8,10120200005,723071,2475,VYDAJ,PREVODNAUCET,3479,19725.3,POJISTNE,AB
0.8,10120200005,723072,2475,VYDAJ,PREVODNAUCET,3479,23814.7,POJISTNE,AB
0.8,10120200005,742539,2535,VYDAJ,PREVODNAUCET,4273,55212.6,SIPO,OP
0.8,10120200005,742540,2535,VYDAJ,PREVODNAUCET,4273,44521.4,SIPO,OP
0.8,10120200005,742541,2535,VYDAJ,PREVODNAUCET,4273,46378.6,SIPO,OP
0.8,10120200005,742542,2535,VYDAJ,PREVODNAUCET,4273,47902,SIPO,OP
0.8,10120200005,742543,2535,VYDAJ,PREVODNAUCET,4273,37191.7,SIPO,OP
0.8,10120200005,742544,2535,VYDAJ,PREVODNAUCET,4273,41624.4,SIPO,OP
0.8,10120200005,742545,2535,VYDAJ,PREVODNAUCET,4273,48473.7,SIPO,OP
0.8,10120200005,742546,2535,VYDAJ,PREVODNAUCET,4273,36085.2,SIPO,OP
0.8,10120200005,742547,2535,VYDAJ,PREVODNAUCET,4273,24505.9,SIPO,OP
0.8,10120200005,742548,2535,VYDAJ,PREVODNAUCET,4273,27176.7,SIPO,OP
0.8,10120200005,742549,2535,VYDAJ,PREVODNAUCET,4273,27455,SIPO,OP
0.8,10120200005,742550,2535,VYDAJ,PREVODNAUCET,4273,26216,SIPO,OP
0.8,10120200005,742551,2535,VYDAJ,PREVODNAUCET,4273,38009.7,SIPO,OP
0.8,10120200005,742552,2535,VYDAJ,PREVODNAUCET,4273,34517.2,SIPO,OP
0.8,10120200005,742553,2535,VYDAJ,PREVODNAUCET,4273,33820.9,SIPO,OP
0.8,10120200005,742554,2535,VYDAJ,PREVODNAUCET,4273,32661,SIPO,OP
0.8,10120200005,742555,2535,VYDAJ,PREVODNAUCET,4273,32555.8,SIPO,OP
0.8,10120200005,742556,2535,VYDAJ,PREVODNAUCET,4273,33452.9,SIPO,OP
0.8,10120200005,742557,2535,VYDAJ,PREVODNAUCET,4273,42466,SIPO,OP
0.8,10120200005,901461,3072,VYDAJ,PREVODNAUCET,5268,62907.9,SIPO,WX
0.8,10120200005,901462,3072,VYDAJ,PREVODNAUCET,5268,63114.6,SIPO,WX
0.8,10120200005,901463,3072,VYDAJ,PREVODNAUCET,5268,72128.3,SIPO,WX
0.8,10120200005,901464,3072,VYDAJ,PREVODNAUCET,5268,58960.5,SIPO,WX
0.8,10120200005,901465,3072,VYDAJ,PREVODNAUCET,5268,54128.1,SIPO,WX
0.8,10120200005,901466,3072,VYDAJ,PREVODNAUCET,5268,54886.9,SIPO,WX
0.8,10120200005,901467,3072,VYDAJ,PREVODNAUCET,5268,58158.3,SIPO,WX
0.8,10120200005,901468,3072,VYDAJ,PREVODNAUCET,5268,57941.8,SIPO,WX
0.8,10120200005,901469,3072,VYDAJ,PREVODNAUCET,5268,68939.8,SIPO,WX
0.8,10120200006,901470,3072,VYDAJ,PREVODNAUCET,5268,57088.9,SIPO,WX
0.8,10120200006,901471,3072,VYDAJ,PREVODNAUCET,5268,57849.5,SIPO,WX
0.8,10120200006,901472,3072,VYDAJ,PREVODNAUCET,5268,58411.9,SIPO,WX
0.8,10120200006,901473,3072,VYDAJ,PREVODNAUCET,5268,59276,SIPO,WX
0.8,10120200006,901474,3072,VYDAJ,PREVODNAUCET,5268,57542.1,SIPO,WX
0.8,10120200006,901475,3072,VYDAJ,PREVODNAUCET,5268,69921.3,SIPO,WX
0.8,10120200006,901476,3072,VYDAJ,PREVODNAUCET,5268,62512.8,SIPO,WX
0.8,10120200006,901477,3072,VYDAJ,PREVODNAUCET,5268,51172.6,SIPO,WX
0.8,10120200006,901478,3072,VYDAJ,PREVODNAUCET,5268,54103.3,SIPO,WX
0.8,10120200006,901479,3072,VYDAJ,PREVODNAUCET,5268,55545.8,SIPO,WX
0.8,10120200006,901480,3072,VYDAJ,PREVODNAUCET,5268,50184.6,SIPO,WX
0.8,10120200006,901481,3072,VYDAJ,PREVODNAUCET,5268,59921.5,SIPO,WX
0.8,10120200006,901482,3072,VYDAJ,PREVODNAUCET,5268,40262,SIPO,WX
0.8,10120200006,901483,3072,VYDAJ,PREVODNAUCET,5268,45445.8,SIPO,WX
0.8,10120200006,901484,3072,VYDAJ,PREVODNAUCET,5268,51350.3,SIPO,WX
0.8,10120200006,901485,3072,VYDAJ,PREVODNAUCET,5268,52172.7,SIPO,WX
0.8,10120200006,901486,3072,VYDAJ,PREVODNAUCET,5268,51495.6,SIPO,WX
0.8,10120200006,901487,3072,VYDAJ,PREVODNAUCET,5268,56625.9,SIPO,WX
0.8,10120200006,901488,3072,VYDAJ,PREVODNAUCET,5268,44846.4,SIPO,WX
0.8,10120200006,901489,3072,VYDAJ,PREVODNAUCET,5268,35329,SIPO,WX
0.8,10120200006,901490,3072,VYDAJ,PREVODNAUCET,5268,42187,SIPO,WX
0.8,10120200006,901491,3072,VYDAJ,PREVODNAUCET,5268,39860.6,SIPO,WX
0.8,10120200006,901492,3072,VYDAJ,PREVODNAUCET,5268,41328.7,SIPO,WX
0.8,10120200006,901493,3072,VYDAJ,PREVODNAUCET,5268,51410.9,SIPO,WX
0.8,10120200006,901494,3072,VYDAJ,PREVODNAUCET,5268,32567.7,SIPO,WX
0.8,10120200006,901495,3072,VYDAJ,PREVODNAUCET,5268,35903.1,SIPO,WX
0.8,10120200006,901496,3072,VYDAJ,PREVODNAUCET,5268,39854,SIPO,WX
0.8,10120200006,901497,3072,VYDAJ,PREVODNAUCET,5268,39010.5,SIPO,WX
0.8,10120200006,901498,3072,VYDAJ,PREVODNAUCET,5268,33449.6,SIPO,WX
0.8,10120200006,901499,3072,VYDAJ,PREVODNAUCET,5268,57827,SIPO,WX
0.8,10120200006,901500,3072,VYDAJ,PREVODNAUCET,5268,34424.4,SIPO,WX
0.8,10120200006,901501,3072,VYDAJ,PREVODNAUCET,5268,46095.1,SIPO,WX
0.8,10120200006,901502,3072,VYDAJ,PREVODNAUCET,5268,37152.6,SIPO,WX
0.8,10120200006,901503,3072,VYDAJ,PREVODNAUCET,5268,51323.9,SIPO,WX
0.8,10120200006,901504,3072,VYDAJ,PREVODNAUCET,5268,36190.6,SIPO,WX
0.8,10120200006,901505,3072,VYDAJ,PREVODNAUCET,5268,64379.2,SIPO,WX
0.8,10120200006,901506,3072,VYDAJ,PREVODNAUCET,5268,43372.6,SIPO,WX
0.8,10120200006,901507,3072,VYDAJ,PREVODNAUCET,5268,57475.4,SIPO,WX
0.8,10120200006,901508,3072,VYDAJ,PREVODNAUCET,5268,45264.5,SIPO,WX
0.8,10120200006,901509,3072,VYDAJ,PREVODNAUCET,5268,37511.3,SIPO,WX
0.8,10120200006,901510,3072,VYDAJ,PREVODNAUCET,5268,35239.9,SIPO,WX
0.8,10120200006,901511,3072,VYDAJ,PREVODNAUCET,5268,63423.1,SIPO,WX
0.8,10120200006,901512,3072,VYDAJ,PREVODNAUCET,5268,37090.1,SIPO,WX
0.8,10120200006,901513,3072,VYDAJ,PREVODNAUCET,5268,44753,SIPO,WX
0.8,10120200006,901514,3072,VYDAJ,PREVODNAUCET,5268,61861.3,SIPO,WX
0.8,10120200006,901515,3072,VYDAJ,PREVODNAUCET,5268,79042.5,SIPO,WX
0.8,10120200006,901516,3072,VYDAJ,PREVODNAUCET,5268,42939.4,SIPO,WX
0.8,10120200006,901517,3072,VYDAJ,PREVODNAUCET,5268,67754.4,SIPO,WX
0.8,10120200006,901518,3072,VYDAJ,PREVODNAUCET,5268,69212.2,SIPO,WX
0.8,10120200006,901519,3072,VYDAJ,PREVODNAUCET,5268,36068.2,SIPO,WX
0.8,10120200006,901520,3072,VYDAJ,PREVODNAUCET,5268,53141.2,SIPO,WX
0.8,10120200006,901521,3072,VYDAJ,PREVODNAUCET,5268,19484.5,SIPO,WX
0.8,10120200006,901522,3072,VYDAJ,PREVODNAUCET,5268,36532,SIPO,WX
0.8,10120200006,901523,3072,VYDAJ,PREVODNAUCET,5268,16918.8,SIPO,WX
0.8,10120200006,916418,3124,VYDAJ,PREVODNAUCET,876,31960.2,POJISTNE,ST
0.8,10120200006,916419,3124,VYDAJ,PREVODNAUCET,876,32097.2,POJISTNE,ST
0.8,10120200006,916420,3124,VYDAJ,PREVODNAUCET,876,28608.7,POJISTNE,ST
0.8,10120200006,916421,3124,VYDAJ,PREVODNAUCET,876,22490.5,POJISTNE,ST
0.8,10120200006,916422,3124,VYDAJ,PREVODNAUCET,876,24060.3,POJISTNE,ST
0.8,10120200006,916423,3124,VYDAJ,PREVODNAUCET,876,25641.9,POJISTNE,ST
0.8,10120200007,916424,3124,VYDAJ,PREVODNAUCET,876,27429,POJISTNE,ST
0.8,10120200007,916425,3124,VYDAJ,PREVODNAUCET,876,44138.9,POJISTNE,ST
0.8,10120200007,916426,3124,VYDAJ,PREVODNAUCET,876,40585,POJISTNE,ST
0.8,10120200007,916427,3124,VYDAJ,PREVODNAUCET,876,34329.6,POJISTNE,ST
0.8,10120200007,916428,3124,VYDAJ,PREVODNAUCET,876,40651.8,POJISTNE,ST
0.8,10120200007,916429,3124,VYDAJ,PREVODNAUCET,876,40297.7,POJISTNE,ST
0.8,10120200007,916430,3124,VYDAJ,PREVODNAUCET,876,41447.7,POJISTNE,ST
0.8,10120200007,916431,3124,VYDAJ,PREVODNAUCET,876,50512,POJISTNE,ST
0.8,10120200007,916432,3124,VYDAJ,PREVODNAUCET,876,40087.6,POJISTNE,ST
0.8,10120200007,916433,3124,VYDAJ,PREVODNAUCET,876,37419.7,POJISTNE,ST
0.8,10120200007,916434,3124,VYDAJ,PREVODNAUCET,876,39054,POJISTNE,ST
0.8,10120200007,916435,3124,VYDAJ,PREVODNAUCET,876,40297,POJISTNE,ST
0.8,10120200007,916436,3124,VYDAJ,PREVODNAUCET,876,40046.7,POJISTNE,ST
0.8,10120200007,916437,3124,VYDAJ,PREVODNAUCET,876,48511.2,POJISTNE,ST
0.8,10120200007,916438,3124,VYDAJ,PREVODNAUCET,876,33161.2,POJISTNE,ST
0.8,10120200007,916439,3124,VYDAJ,PREVODNAUCET,876,34077.6,POJISTNE,ST
0.8,10120200007,916440,3124,VYDAJ,PREVODNAUCET,876,27298.3,POJISTNE,ST
0.8,10120200007,916441,3124,VYDAJ,PREVODNAUCET,876,28686.3,POJISTNE,ST
0.8,10120200007,916442,3124,VYDAJ,PREVODNAUCET,876,33276.3,POJISTNE,ST
0.8,10120200007,916443,3124,VYDAJ,PREVODNAUCET,876,41499.9,POJISTNE,ST
0.8,10120200007,916444,3124,VYDAJ,PREVODNAUCET,876,25429.2,POJISTNE,ST
0.8,10120200007,916445,3124,VYDAJ,PREVODNAUCET,876,28003.6,POJISTNE,ST
0.8,10120200007,916446,3124,VYDAJ,PREVODNAUCET,876,33891.4,POJISTNE,ST
0.8,10120200007,916447,3124,VYDAJ,PREVODNAUCET,876,31496.3,POJISTNE,ST
0.8,10120200007,916448,3124,VYDAJ,PREVODNAUCET,876,30096.1,POJISTNE,ST
0.8,10120200007,916449,3124,VYDAJ,PREVODNAUCET,876,38705,POJISTNE,ST
0.1,10120200007,916450,3124,VYDAJ,PREVODNAUCET,876,27900.2,POJISTNE,ST
0.1,10120200007,916451,3124,VYDAJ,PREVODNAUCET,876,33685,POJISTNE,ST
0.1,10120200007,916452,3124,VYDAJ,PREVODNAUCET,876,36991.3,POJISTNE,ST
0.1,10120200007,916453,3124,VYDAJ,PREVODNAUCET,876,38710.1,POJISTNE,ST
0.1,10120200007,916454,3124,VYDAJ,PREVODNAUCET,876,38332.8,POJISTNE,ST
0.1,10120200007,916455,3124,VYDAJ,PREVODNAUCET,876,44968.7,POJISTNE,ST
0.1,10120200007,1164653,3989,VYDAJ,PREVODNAUCET,2097,18883,SIPO,CD
0.1,10120200007,1164654,3989,VYDAJ,PREVODNAUCET,2097,20838.2,SIPO,CD
0.1,10120200007,1164655,3989,VYDAJ,PREVODNAUCET,2097,22826.5,SIPO,CD
0.1,10120200007,1164656,3989,VYDAJ,PREVODNAUCET,2097,22923.1,SIPO,CD
0.1,10120200007,1164657,3989,VYDAJ,PREVODNAUCET,2097,24924.8,SIPO,CD
0.1,10120200007,1164658,3989,VYDAJ,PREVODNAUCET,2097,23232.4,SIPO,CD
0.1,10120200007,1164659,3989,VYDAJ,PREVODNAUCET,2097,24180.2,SIPO,CD
0.1,10120200007,1164660,3989,VYDAJ,PREVODNAUCET,2097,26182.3,SIPO,CD
0.1,10120200007,1164661,3989,VYDAJ,PREVODNAUCET,2097,28192.9,SIPO,CD
0.1,10120200007,1164662,3989,VYDAJ,PREVODNAUCET,2097,30211.8,SIPO,CD
0.1,10120200007,1164663,3989,VYDAJ,PREVODNAUCET,2097,32239.2,SIPO,CD
0.1,10120200007,1164664,3989,VYDAJ,PREVODNAUCET,2097,22461.8,SIPO,CD
0.1,10120200007,1164665,3989,VYDAJ,PREVODNAUCET,2097,24456.9,SIPO,CD
0.1,10120200007,1164666,3989,VYDAJ,PREVODNAUCET,2097,26460.3,SIPO,CD
0.1,10120200007,1164667,3989,VYDAJ,PREVODNAUCET,2097,21504.9,SIPO,CD
0.1,10120200007,1164668,3989,VYDAJ,PREVODNAUCET,2097,23501.6,SIPO,CD
0.1,10120200007,1164669,3989,VYDAJ,PREVODNAUCET,2097,24950.9,SIPO,CD
0.1,10120200007,1164670,3989,VYDAJ,PREVODNAUCET,2097,26960.8,SIPO,CD
0.1,10120200007,1164671,3989,VYDAJ,PREVODNAUCET,2097,24113.4,SIPO,CD
0.1,10120200007,1164672,3989,VYDAJ,PREVODNAUCET,2097,23234.9,SIPO,CD
0.1,10120200007,1164673,3989,VYDAJ,PREVODNAUCET,2097,23395.7,SIPO,CD
0.1,10120200007,1164674,3989,VYDAJ,PREVODNAUCET,2097,21714.4,SIPO,CD
0.1,10120200007,1164675,3989,VYDAJ,PREVODNAUCET,2097,16111.8,SIPO,CD
0.1,10120200007,1164676,3989,VYDAJ,PREVODNAUCET,2097,18089.2,SIPO,CD
0.1,10120200007,1164677,3989,VYDAJ,PREVODNAUCET,2097,20065.7,SIPO,CD
0.1,10120200007,1164678,3989,VYDAJ,PREVODNAUCET,2097,22050.5,SIPO,CD
0.1,10120200007,1164679,3989,VYDAJ,PREVODNAUCET,2097,24043.3,SIPO,CD
0.1,10120200007,1164680,3989,VYDAJ,PREVODNAUCET,2097,26044.6,SIPO,CD
0.1,10120200008,1164681,3989,VYDAJ,PREVODNAUCET,2097,25141.3,SIPO,CD
0.1,10120200008,1164682,3989,VYDAJ,PREVODNAUCET,2097,27150.3,SIPO,CD
0.1,10120200008,1164683,3989,VYDAJ,PREVODNAUCET,2097,28462.8,SIPO,CD
0.1,10120200008,1164684,3989,VYDAJ,PREVODNAUCET,2097,30482,SIPO,CD
0.1,10120200008,1164685,3989,VYDAJ,PREVODNAUCET,2097,32509.8,SIPO,CD
0.1,10120200008,1164686,3989,VYDAJ,PREVODNAUCET,2097,34546,SIPO,CD
0.1,10120200008,1164687,3989,VYDAJ,PREVODNAUCET,2097,19230.6,SIPO,CD
0.1,10120200008,1164688,3989,VYDAJ,PREVODNAUCET,2097,21226.2,SIPO,CD
0.1,10120200008,1164689,3989,VYDAJ,PREVODNAUCET,2097,23215.3,SIPO,CD
0.1,10120200008,1164690,3989,VYDAJ,PREVODNAUCET,2097,22968.6,SIPO,CD
0.1,10120200008,1164691,3989,VYDAJ,PREVODNAUCET,2097,24964.7,SIPO,CD
0.1,10120200008,1164692,3989,VYDAJ,PREVODNAUCET,2097,24569.2,SIPO,CD
0.1,10120200008,1164693,3989,VYDAJ,PREVODNAUCET,2097,23295.7,SIPO,CD
0.1,10120200008,2262885,7465,VYDAJ,PREVODNAUCET,302,75535.7,POJISTNE,OP
0.1,10120200008,2262886,7465,VYDAJ,PREVODNAUCET,302,29030.5,POJISTNE,OP
0.1,10120200008,2262887,7465,VYDAJ,PREVODNAUCET,302,21442.3,POJISTNE,OP
0.1,10120200008,2262888,7465,VYDAJ,PREVODNAUCET,302,12638.5,POJISTNE,OP
0.1,10120200008,2262889,7465,VYDAJ,PREVODNAUCET,302,5592.2,POJISTNE,OP
0.1,10120200008,2262890,7465,VYDAJ,PREVODNAUCET,302,-1486.2,POJISTNE,OP
0.1,10120200008,2262891,7465,VYDAJ,PREVODNAUCET,302,4810.4,POJISTNE,OP
0.1,10120200008,2262892,7465,VYDAJ,PREVODNAUCET,302,-2271.2,POJISTNE,OP
0.1,10120200008,2262893,7465,VYDAJ,PREVODNAUCET,302,18440.9,POJISTNE,OP
0.1,10120200008,3147321,10445,VYDAJ,PREVODNAUCET,1951,69925,UVER,EF
0.1,10120200008,3147322,10445,VYDAJ,PREVODNAUCET,1951,78394.1,UVER,EF
0.1,10120200008,3147323,10445,VYDAJ,PREVODNAUCET,1951,77483.2,UVER,EF
0.1,10120200008,3147324,10445,VYDAJ,PREVODNAUCET,1951,75527.9,UVER,EF
0.1,10120200008,3147325,10445,VYDAJ,PREVODNAUCET,1951,46465.6,UVER,EF
0.1,10120200008,3147326,10445,VYDAJ,PREVODNAUCET,1951,68002.2,UVER,EF
0.1,10120200008,3147327,10445,VYDAJ,PREVODNAUCET,1951,75560.3,UVER,EF
0.1,10120200008,3147328,10445,VYDAJ,PREVODNAUCET,1951,84350.6,UVER,EF
0.1,10120200008,3147329,10445,VYDAJ,PREVODNAUCET,1951,83063.1,UVER,EF
0.1,10120200008,3147330,10445,VYDAJ,PREVODNAUCET,1951,84076.1,UVER,EF
0.1,10120200008,3147331,10445,VYDAJ,PREVODNAUCET,1951,99742.7,UVER,EF
